{"count":1,"self":208.93278719999998,"total":681.2869996,"children":{"InitializeActuators":{"count":1,"self":0.0015056,"total":0.0015056,"children":null},"InitializeSensors":{"count":1,"self":0.0010146999999999999,"total":0.0010146999999999999,"children":null},"AgentSendState":{"count":288867,"self":8.266305599999999,"total":10.590573599999999,"children":{"CollectObservations":{"count":57774,"self":0.2168959,"total":0.2168959,"children":null},"WriteActionMask":{"count":57774,"self":0.071339,"total":0.071339,"children":null},"RequestDecision":{"count":57774,"self":0.34555539999999996,"total":2.0360332999999997,"children":{"AgentInfo.ToProto":{"count":57774,"self":0.3499999,"total":1.6904778999999999,"children":{"GenerateSensorData":{"count":57774,"self":1.066674,"total":1.3404779999999998,"children":{"RayPerceptionSensor.Perceive":{"count":57774,"self":0.273804,"total":0.273804,"children":null}}}}}}}}},"DecideAction":{"count":288867,"self":343.7446912,"total":343.74468759999996,"children":null},"AgentAct":{"count":288867,"self":117.9957376,"total":117.99573319999999,"children":null},"AgentInfo.ToProto":{"count":538,"self":0.0070586,"total":0.019503,"children":{"GenerateSensorData":{"count":538,"self":0.0108688,"total":0.0124444,"children":{"RayPerceptionSensor.Perceive":{"count":538,"self":0.0015756,"total":0.0015756,"children":null}}}}}},"gauges":{"PlayerAgent.CumulativeReward":{"count":538,"max":1000000,"min":-4829822,"runningAverage":308537.3,"value":690753.75,"weightedAverage":615220.5}},"metadata":{"timer_format_version":"0.1.0","start_time_seconds":"1703769945","unity_version":"2022.3.4f1","command_line_arguments":"C:\\Program Files\\Unity\\Hub\\Editor\\2022.3.4f1\\Editor\\Unity.exe -projectpath C:\\Users\\GA401\\Desktop\\Liang\\UnityProyectos\\RL_MB_2D -useHub -hubIPC -cloudEnvironment production -licensingIpc LicenseClient-GA401 -hubSessionId e86997a8-ccfe-4954-8cc9-115a22587d94","communication_protocol_version":"1.5.0","com.unity.ml-agents_version":"2.0.1","scene_name":"SampleScene","end_time_seconds":"1703770626"}}